car,lap,lap_ms
5,1,40592
5,2,40891
5,3,41015
5,4,40756
5,5,40621
5,6,40861
5,7,40970
5,8,41093
5,9,40690
5,10,40688
5,11,41059
5,12,41029
5,13,41232
5,14,41144
5,15,40962
5,16,40943
5,17,41466
5,18,40965
5,19,40887
5,20,40836
5,21,41069
5,22,41090
5,23,41014
5,24,41077
5,25,41149
5,26,41236
5,27,41321
5,28,41173
5,29,40826
5,30,41286
24,1,40407
24,2,40644
24,3,40421
24,4,40698
24,5,40570
24,6,40760
24,7,41328
24,8,40738
24,9,40909
24,10,40532
24,11,40731
24,12,40913
24,13,40790
24,14,61884
24,15,43848
24,16,40661
24,17,40955
24,18,40720
24,19,41214
24,20,40800
24,21,41025
24,22,40914
24,23,41097
24,24,40830
24,25,41129
24,26,40940
24,27,41201
24,28,41098
24,29,41023
24,30,40870
48,1,41250
48,2,41208
48,3,41431
48,4,41081
48,5,41259
48,6,41263
48,7,41234
48,8,41233
48,9,41240
48,10,41113
48,11,41050
48,12,41173
48,13,41362
48,14,41540
48,15,41455
48,16,41481
48,17,41443
48,18,41441
48,19,41361
48,20,41478
48,21,41671
48,22,41306
48,23,41252
48,24,41740
48,25,41444
48,26,41586
48,27,41581
48,28,41232
48,29,41886
48,30,41779
77,1,40943
77,2,41059
77,3,40958
77,4,40789
77,5,40940
77,6,41039
77,7,41184
77,8,41123
77,9,41018
77,10,41263
77,11,40896
77,12,41186
77,13,41256
77,14,62016
77,15,43758
77,16,40929
77,17,41146
77,18,41211
77,19,41406
77,20,40960
77,21,41152
77,22,41280
77,23,41148
77,24,40762
77,25,41345
77,26,41628
77,27,41404
77,28,41071
77,29,41174
77,30,41299
